{
    "0": {
        "precision": 1.0,
        "recall": 1.0,
        "f1-score": 1.0,
        "support": 40.0
    },
    "1": {
        "precision": 0.9285714285714286,
        "recall": 0.975,
        "f1-score": 0.9512195121951219,
        "support": 40.0
    },
    "2": {
        "precision": 0.9736842105263158,
        "recall": 0.925,
        "f1-score": 0.9487179487179487,
        "support": 40.0
    },
    "accuracy": 0.9666666666666667,
    "macro avg": {
        "precision": 0.9674185463659147,
        "recall": 0.9666666666666668,
        "f1-score": 0.966645820304357,
        "support": 120.0
    },
    "weighted avg": {
        "precision": 0.9674185463659147,
        "recall": 0.9666666666666667,
        "f1-score": 0.9666458203043569,
        "support": 120.0
    }
}