{
    "0": {
        "precision": 1.0,
        "recall": 1.0,
        "f1-score": 1.0,
        "support": 40.0
    },
    "1": {
        "precision": 0.9743589743589743,
        "recall": 0.95,
        "f1-score": 0.9620253164556962,
        "support": 40.0
    },
    "2": {
        "precision": 0.9512195121951219,
        "recall": 0.975,
        "f1-score": 0.9629629629629629,
        "support": 40.0
    },
    "accuracy": 0.975,
    "macro avg": {
        "precision": 0.9751928288513655,
        "recall": 0.975,
        "f1-score": 0.974996093139553,
        "support": 120.0
    },
    "weighted avg": {
        "precision": 0.9751928288513655,
        "recall": 0.975,
        "f1-score": 0.9749960931395532,
        "support": 120.0
    }
}